<?xml version="1.0" encoding="utf-8" standalone="yes" ?>
<rss version="2.0" xmlns:atom="http://www.w3.org/2005/Atom">
  <channel>
    <title>Media on TalentFore</title>
    <link>https://talentfore.com/media/</link>
    <description>Recent content in Media on TalentFore</description>
    <generator>Hugo -- gohugo.io</generator>
    <language>en-us</language>
    
	<atom:link href="https://talentfore.com/media/index.xml" rel="self" type="application/rss+xml" />
    
    
    <item>
      <title></title>
      <link>https://talentfore.com/media/press-coverage/</link>
      <pubDate>Mon, 01 Jan 0001 00:00:00 +0000</pubDate>
      
      <guid>https://talentfore.com/media/press-coverage/</guid>
      <description>TalentFore | Courses  {{ partial &#34;header/candidate-nav.html&#34; . }}   Media   #menu-outer { height: 84px; background: url(images/bar-bg.jpg) repeat-x; } .table { display: table; /* Allow the centering to work */ margin: 0 auto; } ul#horizontal-list { min-width: 696px; list-style: none; padding-top: 20px; padding-inline-start: 0px; font-size: 1.6rem; } ul#horizontal-list li { display: inline; padding-bottom: 1rem; }  Press Coverage  Photos  Press Kit          TalentFore Launch - Online Marketplaces</description>
    </item>
    
  </channel>
</rss>