<?xml version="1.0" encoding="utf-8" standalone="yes" ?>
<rss version="2.0" xmlns:atom="http://www.w3.org/2005/Atom">
  <channel>
    <title>Candidates on TalentFore</title>
    <link>https://talentfore.com/candidates/</link>
    <description>Recent content in Candidates on TalentFore</description>
    <generator>Hugo -- gohugo.io</generator>
    <language>en-us</language>
    
	<atom:link href="https://talentfore.com/candidates/index.xml" rel="self" type="application/rss+xml" />
    
    
    <item>
      <title></title>
      <link>https://talentfore.com/candidates/assessment-practice/subscribe/</link>
      <pubDate>Mon, 01 Jan 0001 00:00:00 +0000</pubDate>
      
      <guid>https://talentfore.com/candidates/assessment-practice/subscribe/</guid>
      <description>TalentFore | Courses  {{ partial &#34;header/candidate-nav.html&#34; . }}  Introducing a more affordable way to learn! Subscribe now and get access to all practice tests!  --    Unlimited Access  With your subscription access 24 hours a day, 7 days a week, wherever you are.
  --   Developed By Experts  We offer only the best tests, every question created by experts.</description>
    </item>
    
    <item>
      <title></title>
      <link>https://talentfore.com/candidates/courses/</link>
      <pubDate>Mon, 01 Jan 0001 00:00:00 +0000</pubDate>
      
      <guid>https://talentfore.com/candidates/courses/</guid>
      <description>TalentFore | Courses  {{ partial &#34;header/candidate-nav.html&#34; . }}   Empowering you to make the right decision to build in demand Skills  Course Name   Mode of Learning  select an option Online self-study Classroom   Clear Filters          All Categories  Business Management       17 courses found   Course Name:</description>
    </item>
    
    <item>
      <title></title>
      <link>https://talentfore.com/candidates/free-assessment-practice/</link>
      <pubDate>Mon, 01 Jan 0001 00:00:00 +0000</pubDate>
      
      <guid>https://talentfore.com/candidates/free-assessment-practice/</guid>
      <description>TalentFore | Aptitude Test  {{ partial &#34;header/candidate-nav.html&#34; . }}   Assessment Practice Tests for Job Applicants &amp;amp; Graduates.  We&amp;#39;ll Prepare you for Leading Employers Start free 7-day trial       --    What is the assessment Practice? At TalentFore, we prepare you to succeed in the aptitude test that you will face during the Job selection process. We prepare you by providing an exhaustive number of assessments to practise based on industry standards with solutions to each question.</description>
    </item>
    
    <item>
      <title></title>
      <link>https://talentfore.com/candidates/jobs/</link>
      <pubDate>Mon, 01 Jan 0001 00:00:00 +0000</pubDate>
      
      <guid>https://talentfore.com/candidates/jobs/</guid>
      <description>TalentFore | Courses  {{ partial &#34;header/candidate-nav.html&#34; . }}   -- Let&#39;s start your future from here  Find The Job That Fits Your Life       Search Jobs  -- Job Title  Industry Select Industry Advertising / PR / MR / Event Management Automobile / Auto Anciliary / Auto Components Banking / Financial Services / Broking BPO / Call Centre / ITES Chemicals / PetroChemical / Plastic / Rubber Construction / Engineering / Cement / Metals Consumer Electronics / Appliances / Durables Education / Teaching / Training / Publishing FMCG / Foods / Beverage Industrial Products / Heavy Machinery Insurance Internet / Ecommerce IT-Software / Software Services Media / Entertainment / Internet Medical / Healthcare / Hospitals Oil and Gas / Energy / Power / Infrastructure Pharma / Biotech / Clinical Research Real Estate Retail / Wholesale Strategy / Management Consulting Firms Telcom / ISP Hotels / Restaurants / Airlines / Travel KPO / Research / Analytics Human Resources Logistics / Supply Chain Manufacturing Legal Hospitality Textile / Garment / Accessories Leather Gems / Jewellery Accounting / Finance Agriculture / Dairy/ Fertilizers / Pesticides Animation / Gaming Architecture / Interior Design Aviation / Aerospace Firms Brewery / Distillery Ceramics / Sanitary ware Courier / Transportation / Freight / Warehousing Electricals / Switchgears Export / Import Facility Management Food Processing Glass / Glassware Government / Defence Heat Ventilation / Air Conditioning Iron and Steel IT-Hardware / Networking Medical Devices / Equipments NGO / Social Services Regulators / Industry Associations Office Equipment / Automation Others Printing / Packaging / Paper Real Estate / Property Security / Law Enforcement Electronics / Semiconductors Shipping / Marine Tyres Water Treatment / Waste Management Wellness / Fitness / Sports / Beauty Engineering / Procurement / Construction Select Industry  --   Experience Select Experience 0 1 2 3 4 5 6 7 8 9 10 11 12 13 14 15 16 17 18 19 20 21 22 23 24 25 26 27 28 29 30 Select Experience  --   Location  search  button, [type=&#34;</description>
    </item>
    
    <item>
      <title></title>
      <link>https://talentfore.com/candidates/popup/</link>
      <pubDate>Mon, 01 Jan 0001 00:00:00 +0000</pubDate>
      
      <guid>https://talentfore.com/candidates/popup/</guid>
      <description>TalentFore | Aptitude Test  {{ partial &#34;header/candidate-nav.html&#34; . }}   Open popup       ×      Your score: 20%     Accuracy: 4/20   You are on your way but we suggest you keep practicing to improve your scores.   Upgrade your practice   --  Improve your scores  Improve your score by learning from your mistakes.</description>
    </item>
    
    <item>
      <title></title>
      <link>https://talentfore.com/candidates/resume-builder/</link>
      <pubDate>Mon, 01 Jan 0001 00:00:00 +0000</pubDate>
      
      <guid>https://talentfore.com/candidates/resume-builder/</guid>
      <description>TalentFore | Resume  {{ partial &#34;header/candidate-nav.html&#34; . }}   Only 2% of Resume pass the initial screening. Be in the top 2%  Effortlessly build a job-worthy resume that gets you hired faster. Lets get started        Fill out your details   Tell us about your Personal, Professional and other achievements and we will use this to customize your Resume.   Select a template   Explore our templates and see what works best for you.</description>
    </item>
    
    <item>
      <title></title>
      <link>https://talentfore.com/candidates/resumes/new/</link>
      <pubDate>Mon, 01 Jan 0001 00:00:00 +0000</pubDate>
      
      <guid>https://talentfore.com/candidates/resumes/new/</guid>
      <description>TalentFore | Contact Us  {{ partial &#34;header/candidate-nav.html&#34; . }}   How do you want your Resume to look like?  Start by choosing a Resume template that represents your skills and experiences the best. Our Resume templates are developed together with recruiters and employers.      ×      --                                                                         Can’t decide on template now?</description>
    </item>
    
  </channel>
</rss>