<?xml version="1.0" encoding="utf-8" standalone="yes" ?>
<rss version="2.0" xmlns:atom="http://www.w3.org/2005/Atom">
  <channel>
    <title>TalentFore</title>
    <link>https://talentfore.com/</link>
    <description>Recent content on TalentFore</description>
    <generator>Hugo -- gohugo.io</generator>
    <language>en-us</language>
    
	<atom:link href="https://talentfore.com/index.xml" rel="self" type="application/rss+xml" />
    
    
    <item>
      <title></title>
      <link>https://talentfore.com/about-us/</link>
      <pubDate>Mon, 01 Jan 0001 00:00:00 +0000</pubDate>
      
      <guid>https://talentfore.com/about-us/</guid>
      <description>TalentFore | About Us   --      -- For Candidates   |   For Employers     Sign In Login --     Resume   |   Aptitude Test   |   Courses   |   Jobs          The TalentFore Story Your dream JOB delivered       At TalentFore we believe that there&#39;s a better way to bridge the gap between an employer and an employee.</description>
    </item>
    
    <item>
      <title></title>
      <link>https://talentfore.com/blogs/</link>
      <pubDate>Mon, 01 Jan 0001 00:00:00 +0000</pubDate>
      
      <guid>https://talentfore.com/blogs/</guid>
      <description>TalentFore | Courses  {{ partial &#34;header/candidate-nav.html&#34; . }}   Assessment Practice Tests for Job Applicants &amp;amp; Graduates.  We&amp;#39;ll Prepare you for Leading Employers Start free 7-day trial       AllCareer DevelopmentJob DescriptionJob InterviewJob SearchLeadershipMarketingRecruitmentResume TipsSelf EmploymentSkill Assessment     Find Companies Hiring Now Search Jobs  Land your next Job, Faster Ready Resume  Are you Hiring? Post Jobs FREE  Practice Aptitude Tests For Free!</description>
    </item>
    
    <item>
      <title></title>
      <link>https://talentfore.com/candidates/assessment-practice/subscribe/</link>
      <pubDate>Mon, 01 Jan 0001 00:00:00 +0000</pubDate>
      
      <guid>https://talentfore.com/candidates/assessment-practice/subscribe/</guid>
      <description>TalentFore | Courses  {{ partial &#34;header/candidate-nav.html&#34; . }}  Introducing a more affordable way to learn! Subscribe now and get access to all practice tests!  --    Unlimited Access  With your subscription access 24 hours a day, 7 days a week, wherever you are.
  --   Developed By Experts  We offer only the best tests, every question created by experts.</description>
    </item>
    
    <item>
      <title></title>
      <link>https://talentfore.com/candidates/courses/</link>
      <pubDate>Mon, 01 Jan 0001 00:00:00 +0000</pubDate>
      
      <guid>https://talentfore.com/candidates/courses/</guid>
      <description>TalentFore | Courses  {{ partial &#34;header/candidate-nav.html&#34; . }}   Empowering you to make the right decision to build in demand Skills  Course Name   Mode of Learning  select an option Online self-study Classroom   Clear Filters          All Categories  Business Management       17 courses found   Course Name:</description>
    </item>
    
    <item>
      <title></title>
      <link>https://talentfore.com/candidates/free-assessment-practice/</link>
      <pubDate>Mon, 01 Jan 0001 00:00:00 +0000</pubDate>
      
      <guid>https://talentfore.com/candidates/free-assessment-practice/</guid>
      <description>TalentFore | Aptitude Test  {{ partial &#34;header/candidate-nav.html&#34; . }}   Assessment Practice Tests for Job Applicants &amp;amp; Graduates.  We&amp;#39;ll Prepare you for Leading Employers Start free 7-day trial       --    What is the assessment Practice? At TalentFore, we prepare you to succeed in the aptitude test that you will face during the Job selection process. We prepare you by providing an exhaustive number of assessments to practise based on industry standards with solutions to each question.</description>
    </item>
    
    <item>
      <title></title>
      <link>https://talentfore.com/candidates/jobs/</link>
      <pubDate>Mon, 01 Jan 0001 00:00:00 +0000</pubDate>
      
      <guid>https://talentfore.com/candidates/jobs/</guid>
      <description>TalentFore | Courses  {{ partial &#34;header/candidate-nav.html&#34; . }}   -- Let&#39;s start your future from here  Find The Job That Fits Your Life       Search Jobs  -- Job Title  Industry Select Industry Advertising / PR / MR / Event Management Automobile / Auto Anciliary / Auto Components Banking / Financial Services / Broking BPO / Call Centre / ITES Chemicals / PetroChemical / Plastic / Rubber Construction / Engineering / Cement / Metals Consumer Electronics / Appliances / Durables Education / Teaching / Training / Publishing FMCG / Foods / Beverage Industrial Products / Heavy Machinery Insurance Internet / Ecommerce IT-Software / Software Services Media / Entertainment / Internet Medical / Healthcare / Hospitals Oil and Gas / Energy / Power / Infrastructure Pharma / Biotech / Clinical Research Real Estate Retail / Wholesale Strategy / Management Consulting Firms Telcom / ISP Hotels / Restaurants / Airlines / Travel KPO / Research / Analytics Human Resources Logistics / Supply Chain Manufacturing Legal Hospitality Textile / Garment / Accessories Leather Gems / Jewellery Accounting / Finance Agriculture / Dairy/ Fertilizers / Pesticides Animation / Gaming Architecture / Interior Design Aviation / Aerospace Firms Brewery / Distillery Ceramics / Sanitary ware Courier / Transportation / Freight / Warehousing Electricals / Switchgears Export / Import Facility Management Food Processing Glass / Glassware Government / Defence Heat Ventilation / Air Conditioning Iron and Steel IT-Hardware / Networking Medical Devices / Equipments NGO / Social Services Regulators / Industry Associations Office Equipment / Automation Others Printing / Packaging / Paper Real Estate / Property Security / Law Enforcement Electronics / Semiconductors Shipping / Marine Tyres Water Treatment / Waste Management Wellness / Fitness / Sports / Beauty Engineering / Procurement / Construction Select Industry  --   Experience Select Experience 0 1 2 3 4 5 6 7 8 9 10 11 12 13 14 15 16 17 18 19 20 21 22 23 24 25 26 27 28 29 30 Select Experience  --   Location  search  button, [type=&#34;</description>
    </item>
    
    <item>
      <title></title>
      <link>https://talentfore.com/candidates/resume-builder/</link>
      <pubDate>Mon, 01 Jan 0001 00:00:00 +0000</pubDate>
      
      <guid>https://talentfore.com/candidates/resume-builder/</guid>
      <description>TalentFore | Resume  {{ partial &#34;header/candidate-nav.html&#34; . }}   Only 2% of Resume pass the initial screening. Be in the top 2%  Effortlessly build a job-worthy resume that gets you hired faster. Lets get started        Fill out your details   Tell us about your Personal, Professional and other achievements and we will use this to customize your Resume.   Select a template   Explore our templates and see what works best for you.</description>
    </item>
    
    <item>
      <title></title>
      <link>https://talentfore.com/candidates/resumes/new/</link>
      <pubDate>Mon, 01 Jan 0001 00:00:00 +0000</pubDate>
      
      <guid>https://talentfore.com/candidates/resumes/new/</guid>
      <description>TalentFore | Contact Us  {{ partial &#34;header/candidate-nav.html&#34; . }}   How do you want your Resume to look like?  Start by choosing a Resume template that represents your skills and experiences the best. Our Resume templates are developed together with recruiters and employers.      ×      --                                                                         Can’t decide on template now?</description>
    </item>
    
    <item>
      <title></title>
      <link>https://talentfore.com/careers/</link>
      <pubDate>Mon, 01 Jan 0001 00:00:00 +0000</pubDate>
      
      <guid>https://talentfore.com/careers/</guid>
      <description>TalentFore | Courses  {{ partial &#34;header/candidate-nav.html&#34; . }}   Current Openings        --  Current Openings --  We are a growing organisation and are looking for capable, resourceful people with an interest in the Human Resources industry to join our team. We seek individuals who can work independently, are service oriented, and result driven. A good background and understanding of the Human Resource industry, A strong industry network will be an added advantage.</description>
    </item>
    
    <item>
      <title></title>
      <link>https://talentfore.com/community-guidelines/</link>
      <pubDate>Mon, 01 Jan 0001 00:00:00 +0000</pubDate>
      
      <guid>https://talentfore.com/community-guidelines/</guid>
      <description>TalentFore | Courses  {{ partial &#34;header/candidate-nav.html&#34; . }}   The Community Terms &amp;amp; Conditions        The Community Terms &amp;amp; Conditions  -- This website allows you to comment on posts, ask questions, share posts and upvote them, answer questions and therefore grow your knowledge. Our terms and condition restrict you to make bad comments, express hatred, wrong words, illegitimate statements and misbehaving in the forum.</description>
    </item>
    
    <item>
      <title></title>
      <link>https://talentfore.com/community/</link>
      <pubDate>Mon, 01 Jan 0001 00:00:00 +0000</pubDate>
      
      <guid>https://talentfore.com/community/</guid>
      <description>TalentFore | Career Q&amp;A  {{ partial &#34;header/candidate-nav.html&#34; . }}   Get information whenever you need  Have something to ask or share? Make use of this forum to get queries answered by experts, help others learn from your experiences and also express your thoughts.    Clear Filters   Ask a question           All Categories  Interview  Job Search  Career Development  Recruitment  Resume  Skill Assessment  Job Description  Self Employment       (adsbygoogle = window.</description>
    </item>
    
    <item>
      <title></title>
      <link>https://talentfore.com/company-reviews/</link>
      <pubDate>Mon, 01 Jan 0001 00:00:00 +0000</pubDate>
      
      <guid>https://talentfore.com/company-reviews/</guid>
      <description>TalentFore | Courses  {{ partial &#34;header/candidate-nav.html&#34; . }}   Employee reviews about the experiences that matter from people who have worked there. Interview Stories from job applicants.  Read reviews. Write reviews. Find companies. Search         Recent Reviews:           Krazy Mantra HR Solutions I joined as a fresher in Krazy Mantra and worked 2 years,.</description>
    </item>
    
    <item>
      <title></title>
      <link>https://talentfore.com/contact-us/</link>
      <pubDate>Mon, 01 Jan 0001 00:00:00 +0000</pubDate>
      
      <guid>https://talentfore.com/contact-us/</guid>
      <description>TalentFore | Contact Us   --      -- For Candidates   |   For Employers     Sign In Login --     Resume   |   Aptitude Test   |   Courses   |   Jobs          We would love to Hear from You !</description>
    </item>
    
    <item>
      <title></title>
      <link>https://talentfore.com/employers/enquire/</link>
      <pubDate>Mon, 01 Jan 0001 00:00:00 +0000</pubDate>
      
      <guid>https://talentfore.com/employers/enquire/</guid>
      <description>TalentFore | Enquire   --      --    -- Book a demo  Want to learn more about TalentFore, find out who else is using it, for what type of jobs, and how you could get started? Complete the form, and we&amp;#39;ll schedule a quick online demo so you can see how it works and pick our brains. Can&amp;#39;t wait?
Feel Free to Call us on +91-88800-88080   Enquiry Form                          Company Size 1 - 50 51 - 200 201 - 500 501 - 1000 1001 - 5000 5001 - 10000 10000+      Product Interested In Recruitment Solutions Hiring Assessment Sales Training           Send now        {{ partial &#34;</description>
    </item>
    
    <item>
      <title></title>
      <link>https://talentfore.com/employers/jd-creator/</link>
      <pubDate>Mon, 01 Jan 0001 00:00:00 +0000</pubDate>
      
      <guid>https://talentfore.com/employers/jd-creator/</guid>
      <description>TalentFore | JD Creator  {{ partial &#34;header/employer-nav.html&#34; . }}   Your chief job description officer  Build a perfect job description now! Create JD now         The Importance of Job Description

If you’re not getting quality applicants for your job posting, chances are your job description (JD) needs improvement. Are your job descriptions consistent? If not, you risk confusing candidates and causing more work for your hiring managers and recruiters.</description>
    </item>
    
    <item>
      <title></title>
      <link>https://talentfore.com/employers/pre-employment-testing/</link>
      <pubDate>Mon, 01 Jan 0001 00:00:00 +0000</pubDate>
      
      <guid>https://talentfore.com/employers/pre-employment-testing/</guid>
      <description>TalentFore | Assessment  {{ partial &#34;header/employer-nav.html&#34; . }}   -- Take the guesswork out of your hiring process  Hire a skill assessed Candidate with Confidence Enquire now       Are you still relying on traditional interviews for choosing a candidate? Interviewees give rehearsed answered, and interviewers become biased leading to wrong hiring. Not everyone in the hiring process knows the best questions to ask.</description>
    </item>
    
    <item>
      <title></title>
      <link>https://talentfore.com/employers/register/</link>
      <pubDate>Mon, 01 Jan 0001 00:00:00 +0000</pubDate>
      
      <guid>https://talentfore.com/employers/register/</guid>
      <description>TalentFore | Resume   --      --    -- Times are Changing... Start generating additional income from today!  - &amp;nbsp; Get access to 100&#39;s of qualified vacancies from top employers to refer candidates or apply yourself.
- &amp;nbsp; Get a 5% reward for every referral who joins, including you. Apply now or talk to us - +91-8880088080   Personal Details                      Upload Resume    &amp;nbsp; I agree to the TalentFore Terms of use and Privacy Policy.</description>
    </item>
    
    <item>
      <title></title>
      <link>https://talentfore.com/employers/sales-training/</link>
      <pubDate>Mon, 01 Jan 0001 00:00:00 +0000</pubDate>
      
      <guid>https://talentfore.com/employers/sales-training/</guid>
      <description>TalentFore | Sales Training  {{ partial &#34;header/candidate-nav.html&#34; . }}   Sales training that will change the way you win.  Need to improve the way your sales team finds, converts, and grows customers? Enquire Now        The digital age is transforming the Sales Process.

Sales has changed a lot in recent years, thanks to new technological developments and a general shift in attitudes regarding how customers make decisions.</description>
    </item>
    
    <item>
      <title></title>
      <link>https://talentfore.com/faq/</link>
      <pubDate>Mon, 01 Jan 0001 00:00:00 +0000</pubDate>
      
      <guid>https://talentfore.com/faq/</guid>
      <description>TalentFore | FAQ  {{ partial &#34;header/candidate-nav.html&#34; . }}   FAQ! Need Help?  We&#39;ve got you covered Search        Account / Profile 13 articles   Assured Recruit 13 articles   Aptitude Test 13 articles   Company Reviews 13 articles   Career Q&amp;A 13 articles   Courses 13 articles   Assessment 13 articles   Job Description Creator 13 articles   Purchase and Refund 13 articles   Resume Builder 13 articles   Jobs 13 articles   Partner with Us 13 articles      {{ partial &#34;</description>
    </item>
    
    <item>
      <title></title>
      <link>https://talentfore.com/login/</link>
      <pubDate>Mon, 01 Jan 0001 00:00:00 +0000</pubDate>
      
      <guid>https://talentfore.com/login/</guid>
      <description> TalentFore | Login  {{ partial &#34;header/employer-nav.html&#34; . }} &amp;nbsp;     Already a Member? Log in here  Email Address Password  Remember Me  --   I forgot my password   New to TalentFore? Join Now     {{ partial &#34;footer/site-footer.html&#34; . }}      </description>
    </item>
    
    <item>
      <title></title>
      <link>https://talentfore.com/media/press-coverage/</link>
      <pubDate>Mon, 01 Jan 0001 00:00:00 +0000</pubDate>
      
      <guid>https://talentfore.com/media/press-coverage/</guid>
      <description>TalentFore | Courses  {{ partial &#34;header/candidate-nav.html&#34; . }}   Media   #menu-outer { height: 84px; background: url(images/bar-bg.jpg) repeat-x; } .table { display: table; /* Allow the centering to work */ margin: 0 auto; } ul#horizontal-list { min-width: 696px; list-style: none; padding-top: 20px; padding-inline-start: 0px; font-size: 1.6rem; } ul#horizontal-list li { display: inline; padding-bottom: 1rem; }  Press Coverage  Photos  Press Kit          TalentFore Launch - Online Marketplaces</description>
    </item>
    
    <item>
      <title></title>
      <link>https://talentfore.com/partner/</link>
      <pubDate>Mon, 01 Jan 0001 00:00:00 +0000</pubDate>
      
      <guid>https://talentfore.com/partner/</guid>
      <description>TalentFore | Partner With Us  {{ partial &#34;header/candidate-nav.html&#34; . }}   Join us in revolutionizing how companies hire talent  A new Business Opportunity that is rewarding. We share 5% of CTC for every successful hire.      Who Can Apply  --  --  -- Freelance Recruiters Increase your access to more Clients &amp; requirements and Earn money.
   --  --  -- Referral Partner Refer Candidates for our Job Openings and earn money for every successful hire.</description>
    </item>
    
    <item>
      <title></title>
      <link>https://talentfore.com/privacy-policy/</link>
      <pubDate>Mon, 01 Jan 0001 00:00:00 +0000</pubDate>
      
      <guid>https://talentfore.com/privacy-policy/</guid>
      <description>TalentFore | Courses  {{ partial &#34;header/candidate-nav.html&#34; . }}   Privacy Policy        Privacy Policy --  Rajesh Shethia Consultants Private Limited operates the https://talentfore.com/ website, which provides the SERVICEs of Human Resources and Career Development.  This page is used to inform website visitors regarding our policies with the collection, use, and disclosure of Personal Information if anyone decided to use our Service.</description>
    </item>
    
    <item>
      <title></title>
      <link>https://talentfore.com/refund-policy/</link>
      <pubDate>Mon, 01 Jan 0001 00:00:00 +0000</pubDate>
      
      <guid>https://talentfore.com/refund-policy/</guid>
      <description>TalentFore | Courses  {{ partial &#34;header/candidate-nav.html&#34; . }}   Refund Policy        Refund Policy -- Thanks for shopping at https://talentfore.com. If you are not entirely satisfied with your purchase, we&#39;re here to help.
 We want you to be satisfied, so all services purchased on TalentFore.com can be refunded within 15 days. Please note, however, that refunds are only available for services purchased on the TalentFore website (at&amp;nbsp;www.</description>
    </item>
    
    <item>
      <title></title>
      <link>https://talentfore.com/signup/</link>
      <pubDate>Mon, 01 Jan 0001 00:00:00 +0000</pubDate>
      
      <guid>https://talentfore.com/signup/</guid>
      <description>TalentFore | Login  {{ partial &#34;header/employer-nav.html&#34; . }} &amp;nbsp;     Take your professional life forward
Sign Up And Enjoy These Benefits                               6 characters minimum          Select Your Employer Name Salesworld TalentFore Add New                  I agree to the TalentFore Terms of use and privacy Policy.</description>
    </item>
    
    <item>
      <title></title>
      <link>https://talentfore.com/terms-and-conditions/</link>
      <pubDate>Mon, 01 Jan 0001 00:00:00 +0000</pubDate>
      
      <guid>https://talentfore.com/terms-and-conditions/</guid>
      <description>TalentFore | Courses  {{ partial &#34;header/candidate-nav.html&#34; . }}   Terms and Conditions of use        Terms and Conditions of use -- Introduction : These terms and conditions shall govern your use of our website. By using our website, you accept these terms and conditions in full; accordingly, if you disagree with these terms and conditions or any part of these terms and conditions, you must not use our website.</description>
    </item>
    
  </channel>
</rss>