<?xml version="1.0" encoding="utf-8" standalone="yes" ?>
<rss version="2.0" xmlns:atom="http://www.w3.org/2005/Atom">
  <channel>
    <title>Employers on TalentFore</title>
    <link>https://talentfore.com/employers/</link>
    <description>Recent content in Employers on TalentFore</description>
    <generator>Hugo -- gohugo.io</generator>
    <language>en-us</language>
    
	<atom:link href="https://talentfore.com/employers/index.xml" rel="self" type="application/rss+xml" />
    
    
    <item>
      <title></title>
      <link>https://talentfore.com/employers/enquire/</link>
      <pubDate>Mon, 01 Jan 0001 00:00:00 +0000</pubDate>
      
      <guid>https://talentfore.com/employers/enquire/</guid>
      <description>TalentFore | Enquire   --      --    -- Book a demo  Want to learn more about TalentFore, find out who else is using it, for what type of jobs, and how you could get started? Complete the form, and we&amp;#39;ll schedule a quick online demo so you can see how it works and pick our brains. Can&amp;#39;t wait?
Feel Free to Call us on +91-88800-88080   Enquiry Form                          Company Size 1 - 50 51 - 200 201 - 500 501 - 1000 1001 - 5000 5001 - 10000 10000+      Product Interested In Recruitment Solutions Hiring Assessment Sales Training           Send now        {{ partial &#34;</description>
    </item>
    
    <item>
      <title></title>
      <link>https://talentfore.com/employers/jd-creator/</link>
      <pubDate>Mon, 01 Jan 0001 00:00:00 +0000</pubDate>
      
      <guid>https://talentfore.com/employers/jd-creator/</guid>
      <description>TalentFore | JD Creator  {{ partial &#34;header/employer-nav.html&#34; . }}   Your chief job description officer  Build a perfect job description now! Create JD now         The Importance of Job Description

If you’re not getting quality applicants for your job posting, chances are your job description (JD) needs improvement. Are your job descriptions consistent? If not, you risk confusing candidates and causing more work for your hiring managers and recruiters.</description>
    </item>
    
    <item>
      <title></title>
      <link>https://talentfore.com/employers/pre-employment-testing/</link>
      <pubDate>Mon, 01 Jan 0001 00:00:00 +0000</pubDate>
      
      <guid>https://talentfore.com/employers/pre-employment-testing/</guid>
      <description>TalentFore | Assessment  {{ partial &#34;header/employer-nav.html&#34; . }}   -- Take the guesswork out of your hiring process  Hire a skill assessed Candidate with Confidence Enquire now       Are you still relying on traditional interviews for choosing a candidate? Interviewees give rehearsed answered, and interviewers become biased leading to wrong hiring. Not everyone in the hiring process knows the best questions to ask.</description>
    </item>
    
    <item>
      <title></title>
      <link>https://talentfore.com/employers/register/</link>
      <pubDate>Mon, 01 Jan 0001 00:00:00 +0000</pubDate>
      
      <guid>https://talentfore.com/employers/register/</guid>
      <description>TalentFore | Resume   --      --    -- Times are Changing... Start generating additional income from today!  - &amp;nbsp; Get access to 100&#39;s of qualified vacancies from top employers to refer candidates or apply yourself.
- &amp;nbsp; Get a 5% reward for every referral who joins, including you. Apply now or talk to us - +91-8880088080   Personal Details                      Upload Resume    &amp;nbsp; I agree to the TalentFore Terms of use and Privacy Policy.</description>
    </item>
    
    <item>
      <title></title>
      <link>https://talentfore.com/employers/sales-training/</link>
      <pubDate>Mon, 01 Jan 0001 00:00:00 +0000</pubDate>
      
      <guid>https://talentfore.com/employers/sales-training/</guid>
      <description>TalentFore | Sales Training  {{ partial &#34;header/candidate-nav.html&#34; . }}   Sales training that will change the way you win.  Need to improve the way your sales team finds, converts, and grows customers? Enquire Now        The digital age is transforming the Sales Process.

Sales has changed a lot in recent years, thanks to new technological developments and a general shift in attitudes regarding how customers make decisions.</description>
    </item>
    
  </channel>
</rss>